{
  "date": "2020-07-09T17:18:25.503Z",
  "body": "<!--StartFragment-->\n\n#### Criada no ano de 1995 por Brigit Blair, em Christchurch - Nova Zelândia, a Linden Leaves é uma marca de produtos para cuidados diários com a pele, feitos com ingredientes naturais e orgânicos certificadosde qualidade superior, óleos de frutas e flores e misturas únicas de perfumes e óleos essenciais.\n\n#### Temos muito orgulho em criar produtos eficazes, belos e delicados, que nutrem a pele e acalmam a alma, podendo ser consumidos sem preocupações.\n\n#### Na época em que foi criada, havia no mercado, uma escassez de produtos para peles sensíveis; e, como seus filhos possuíam graves problemas de alergias e eczemas, Brigit começou a desenvolver produtos naturais de forma artesanal, muito eficazes no tratamento da pele.\\\n\nE, de uma produção muito singela, que inicialmente era para o consumo de sua própria família, durante esses mais de 24 anos em que está no mercado de cosméticos naturais, a Linden Leaves expandiu suas operações para diferentes países e, hoje, é internacionalmente reconhecida por seus produtos artesanais para uso diário.\n\n![](https://cdn.ecvol.com/s/www.lindenleaves.com.br/uploads/a-marca-new.jpeg)\n\nBrigit Blair, fundadora da Linden Leaves\n\n## Nossa Filosofia\n\n#### A Linden Leaves apóia práticas de negócios éticas e sustentáveis. Valorizamos e acreditamos no respeito uns pelos outros e pelo mundo em que vivemos. Consideramos nossa equipe e nossos clientes, partes muito importantes de nossas vidas.\n\nNossos Ingredientes\n\n#### Nossos ingredientes botânicos naturais são obtidos localmente na Nova Zelândia e de forma sustentável, a fim de atingir a mais alta qualidade possível do produto.\\\n\nEm nossas fórmulas, banimos o uso de qualquer ingrediente nocivo à saúde, bem como, somos totalmente contra os testes em animais.\\\nNão utilizamos substâncias químicas e irritantes como parabenos, óleos de silicone, lauril sulfato de sódio e ingredientes geneticamente modificados. Cada um dos ingredientes ativos em nossas linhas foram cuidadosamente estudados e selecionados por suas propriedades cientificamente comprovadas no tratamento da pele.\n\n## Certificação\n\n#### A linha de produtos para o rosto da Linden Leaves é reconhecida pela NATRUE, a Associação Internacional de Cosméticos Naturais e Orgânicos que certifica cosméticos naturais e orgânicos autênticos. A certificação NATRUE garante produtos:\n\n#### \\- Livres de fragrâncias parabenos\\\n\n* Livres de fragrâncias sintéticas e corantes sintéticos\\\n* Livres de produtos derivados de petróleo (parafinas, PEG, propil-, -alquil)\\\n* Livres de óleo de silicone e derivados\\\n* Livres de ingredientes modificados geneticamente (cumprimento da regulamentação orgânica da União Européia)\\\n* Livres de ingredientes botânicos e produtos finais que sofram qualquer tipo de irradiação\\\n* Livres de testes em animais\n\n#### \\\n\nOs produtos Linden Leaves são para todas as pessoas que se preocupam com o que colocam na pele e no mundo!\n\nQuer conhecer mais sobre nós e sobre nossos produtos? É só clicar aqui [Perguntas Frequentes](http://lindenleaves.e-com.club/pagina/perguntas-frequentes)!\n\n<!--EndFragment-->",
  "title": "Nossa História",
  "sections": [
    {
      "type": "breadcrumbs",
      "enabled": true
    },
    {
      "type": "page-title"
    },
    {
      "type": "blog-post",
      "enabled": true
    }
  ]
}
