{
  "description": {
    "title": "",
    "text": ""
  },
  "links_1": {
    "list_pages": true,
    "title": "Páginas",
    "list": []
  },
  "links_2": {
    "list_categories": true,
    "title": "Categories",
    "list": []
  },
  "contacts": {
    "title": "Contato",
    "phone_wpp": true,
    "socials": true,
    "email": true,
    "address": true
  },
  "stamps": [
    {
      "src": "/img/uploads/ssl-safe.png",
      "alt": "Secure connection"
    },
    {
      "src": "/img/uploads/logo-natrue-2-.png",
      "alt": "Nature ",
      "link": "https://www.natrue.org/our-standard/natrue-certified-world/"
    },
    {
      "link": "",
      "alt": ""
    },
    {}
  ],
  "payment_methods": {
    "bb": true,
    "visa": true,
    "boleto": true,
    "aura": false,
    "banrisul": false,
    "elo": true,
    "hipercard": false,
    "hsbc": false,
    "bradesco": true,
    "santander": false,
    "mastercard": true,
    "citibank": false,
    "mais": false,
    "itau": true
  },
  "credits": "Cosméticos Linden Leaves - Ltda - CNPJ: 25.058.692/0001-50 © 2020 Todos os direitos reservados "
}