{
  "marketing_stripe": {
    "text": "",
    "link": ""
  },
  "contacts_stripe": {
    "pages": [
      {
        "title": "Blog",
        "link": "https://blog.lindenleaves.com.br/"
      },
      {
        "title": "Contato",
        "link": "/pages/contato"
      },
      {
        "title": "Nossa história",
        "link": "https://www.lindenleaves.com.br/pages/sobre-nos"
      }
    ],
    "phone_wpp": true,
    "socials": true
  },
  "categories_list": {
    "featured": [
      "/aromaterapia?AROMATERAPIA",
      "/premiados?PREMIADOS",
      "/rosto?LINHA FACIAL",
      "/linha-corporal?LINHA CORPORAL",
      "/linha-completa?LINHA COMPLETA",
      "/kits?KITS"
    ],
    "random": 0,
    "full_width": true
  },
  "search_input": true
}