{
  "meta_title": "Marca internacional de produtos naturais certificados, produzidos na Nova Zelândia.",
  "meta_description": "Considerada A Melhor Marca de Beleza da Nova Zelândia, temos muito orgulho em criar produtos eficazes, belos e delicados, que nutrem a pele e acalmam a alma, podendo ser consumidos sem preocupações. Nosso propósito é promover a beleza e o bem-estar diário de forma saudável.",
  "sections": [
    {
      "type": "banner-slider",
      "autoplay": 9000,
      "slides": [
        {
          "img": "/img/uploads/banner-2020b.jpg",
          "link": "/kits",
          "alt": "Headset banner",
          "start": "2020-04-11T05:54:06.750Z",
          "end": "",
          "mobile_img": "/img/uploads/banner-2020mobileb.jpeg"
        },
        {
          "img": "/img/uploads/cremes-tamanho-viagem-25ml-linden-leaves.jpg",
          "alt": "Banner sample two",
          "start": "",
          "end": "",
          "mobile_img": "/img/uploads/ll-banner3novotamanho.jpg",
          "link": "/banner-cremes-para-as-maos"
        },
        {
          "start": "",
          "end": "",
          "img": "/img/uploads/banner-linden-leaves-linha-facial-livre-de-crueldade-animal-certificado-natrue.jpg",
          "alt": "Banner sample",
          "mobile_img": "/img/uploads/ll-banner2novotamanho.jpg",
          "link": "/banner-linha-facial"
        },
        {
          "start": "2020-07-14T15:32:05.742Z",
          "end": "2020-07-14T15:32:05.800Z",
          "img": "/img/uploads/banner-frete-desconto.jpg"
        }
      ]
    },
    {
      "type": "responsive-banner",
      "img": "/img/uploads/banner-tarja.png",
      "alt": ""
    },
    {
      "type": "collection-shelf",
      "shuffle": true,
      "collection_id": "5f08a29a14ff772fde7efef0",
      "sort": "sales",
      "title": "Mais Vendidos"
    },
    {
      "type": "collection-shelf",
      "shuffle": true,
      "headless": true
    },
    {
      "type": "banners-grid",
      "banners": [
        {
          "img": "/img/uploads/creme-para-as-maos-green-verbana-100ml-linden-leaves.webp",
          "link": "/maos",
          "mobile_img": "/img/uploads/minibanner-site-lindenleaves-1-_1-1-.jpg"
        },
        {
          "img": "/img/uploads/hidratante-corporal-linden-leaves-200ml.webp",
          "link": " hidratante-corporal",
          "mobile_img": "/img/uploads/minibanner-site-lindenleaves-1-_2.jpg"
        },
        {
          "img": "/img/uploads/oleo-corporal-memories-200ml-com-rosas.webp",
          "link": "/aromaterapia",
          "mobile_img": "/img/uploads/minibanner-site-lindenleaves-1-.jpg"
        },
        {
          "img": "/img/uploads/oleo-facial-miraculous.webp",
          "link": "/oleo-facial-miraculous-com-cha-branco-e-oleo-de-rosa-mosqueta",
          "mobile_img": "/img/uploads/oleo-facial-miraculous-1-.jpg"
        }
      ]
    },
    {
      "type": "responsive-banner",
      "img": "/img/uploads/oleo-corporal-pick-me-up-200ml.webp",
      "mobile_img": "/img/uploads/minibanner-site-lindenleaves-2-copy.jpg"
    },
    {
      "type": "custom-html",
      "html": "<script src=\"https://www.sowecms.com/demos/InstagramFeed/dist/InstagramFeed.min.js\"></script>\n<div id=\"instagram-feed\" class=\"instagram_feed\"></div>\n<script>\n    (function(){\n        new InstagramFeed({\n            'username': 'lindenleavesbrasil',\n            'container': document.getElementById(\"instagram-feed\"),\n            'display_profile': false,\n            'display_biography': false,\n            'display_igtv': false,\n            'display_gallery': true,\n            'get_raw_json': false,\n            'callback': null,\n            'styling': true,\n            'items': 3,\n            'items_per_row': 3,\n            'margin': 1 \n        });\n    })();\n</script>"
    }
  ]
}